key,serializer,category,payload_size,checks.fails,checks.passes,checks.value,data_received.count,data_received.rate,data_sent.count,data_sent.rate,http_req_blocked.avg,http_req_blocked.max,http_req_blocked.med,http_req_blocked.min,http_req_blocked.p(90),http_req_blocked.p(95),http_req_connecting.avg,http_req_connecting.max,http_req_connecting.med,http_req_connecting.min,http_req_connecting.p(90),http_req_connecting.p(95),http_req_duration.avg,http_req_duration.max,http_req_duration.med,http_req_duration.min,http_req_duration.p(90),http_req_duration.p(95),http_req_duration{expected_response:true}.avg,http_req_duration{expected_response:true}.max,http_req_duration{expected_response:true}.med,http_req_duration{expected_response:true}.min,http_req_duration{expected_response:true}.p(90),http_req_duration{expected_response:true}.p(95),http_req_failed.fails,http_req_failed.passes,http_req_failed.thresholds.rate<0.01,http_req_failed.value,http_req_receiving.avg,http_req_receiving.max,http_req_receiving.med,http_req_receiving.min,http_req_receiving.p(90),http_req_receiving.p(95),http_req_sending.avg,http_req_sending.max,http_req_sending.med,http_req_sending.min,http_req_sending.p(90),http_req_sending.p(95),http_req_tls_handshaking.avg,http_req_tls_handshaking.max,http_req_tls_handshaking.med,http_req_tls_handshaking.min,http_req_tls_handshaking.p(90),http_req_tls_handshaking.p(95),http_req_waiting.avg,http_req_waiting.max,http_req_waiting.med,http_req_waiting.min,http_req_waiting.p(90),http_req_waiting.p(95),http_reqs.count,http_reqs.rate,iteration_duration.avg,iteration_duration.max,iteration_duration.med,iteration_duration.min,iteration_duration.p(90),iteration_duration.p(95),iterations.count,iterations.rate,vus.max,vus.min,vus.value,vus_max.max,vus_max.min,vus_max.value
google-protobuf_deserialize-only_10,google-protobuf,deserialize-only,10,0,364455,1,41183415,1372706.775579635,1458913365,48627833.82871928,0.0048776626030649015,13.15391,0.002294,0.001012,0.003165,0.003666,2.6166882056769696e-05,1.189157,0,0,0,0,1.917673874234119,27.529957,1.681328,0.141918,3.340244400000002,4.1369389,1.917673874234119,27.529957,1.681328,0.141918,3.340244400000002,4.1369389,364455,0,False,0,0.05070595184041974,17.337254,0.01622,0.006302,0.043882,0.12879399999999988,0.021342159363980834,12.799583,0.008967,0.003457,0.013115,0.038402299999999986,0,0,0,0,0,0,1.845625763029733,27.427656,1.626876,0.122822,3.236828800000001,3.986681499999999,364455,12147.847571501194,2.0434791280267928,32.823086,1.78888,0.192132,3.5149430000000006,4.351567899999999,364455,12147.847571501194,25,25,25,25,25,25
google-protobuf_deserialize-only_100,google-protobuf,deserialize-only,100,0,160001,1,18240114,607957.4004480148,6356519728,211867821.09648013,0.006912287598203545,9.655445,0.002615,0.001082,0.003737,0.004609,0.00012760244623471104,6.294891,0,0,0,0,4.4285669976251,27.439989,4.068904,0.36305,7.094278,8.508653,4.4285669976251,27.439989,4.068904,0.36305,7.094278,8.508653,160001,0,False,0,0.130688612139925,16.37862,0.018916,0.007333,0.116499,0.305473,0.23975318351760125,16.793876,0.071253,0.03191,0.479235,1.006589,0,0,0,0,0,0,4.05812520196758,24.214523,3.791581,0.0,6.536344,7.699996,160001,5332.959653052762,4.668238895338113,27.50988,4.261807,0.448921,7.498248,9.005399,160001,5332.959653052762,25,25,25,25,25,25
google-protobuf_deserialize-only_1000,google-protobuf,deserialize-only,1000,0,20743,1,2385445,79470.74420948757,8249947446,274845768.0737897,0.010694327966060856,11.987541,0.003076,0.001243,0.004638,0.005621,0.001916433302800945,3.606594,0,0,0,0,35.78174540476335,76.565845,35.870943,2.404489,46.8286104,51.038976099999985,35.78174540476335,76.565845,35.870943,2.404489,46.8286104,51.038976099999985,20743,0,False,0,0.1289045041218733,10.272028,0.023494,0.009047,0.12075199999999994,0.3716099999999992,0.6263468565781197,11.132106,0.271308,0.14933,1.5395197999999997,2.3678388999999997,0,0,0,0,0,0,35.02649404406305,74.607617,35.079012,1.792768,46.1392634,50.21016369999999,20743,691.049949647718,36.138801539362525,76.737306,36.232482,2.572484,47.1697228,51.47653379999999,20743,691.049949647718,25,25,25,25,25,25
google-protobuf_roundtrip_10,google-protobuf,roundtrip,10,0,336388,1,1341178956,44704302.90029952,1344206448,44805215.547929995,0.005372661316693759,12.476511,0.002334,0.000952,0.003186,0.003707,6.335194180529628e-05,1.770126,0,0,0,0,2.0845053187658014,27.497082,1.8452965,0.156754,3.5689916,4.403250049999998,2.0845053187658014,27.497082,1.8452965,0.156754,3.5689916,4.403250049999998,336388,0,False,0,0.05424352280699568,17.311719,0.017162,0.006603,0.048491,0.1412108499999997,0.022019859882040346,13.802473,0.009027,0.003577,0.013458699999999895,0.039283,0,0,0,0,0,0,2.0082419360768093,27.473288,1.7872569999999999,0.132398,3.4580793,4.2548385999999985,336388,11212.516403385884,2.2147538054062137,27.545924,1.955559,0.21367,3.7496546,4.630543199999995,336388,11212.516403385884,25,25,25,25,25,25
google-protobuf_roundtrip_100,google-protobuf,roundtrip,100,0,122092,1,4848517504,161605187.4588732,4849616332,161641812.3250882,0.006904081700685642,14.06844,0.002694,0.001152,0.003798,0.004418,0.0004905410428201684,7.166807,0,0,0,0,5.8965012216197215,26.434452,5.5810175,0.566431,8.912480900000004,10.310506149999998,5.8965012216197215,26.434452,5.5810175,0.566431,8.912480900000004,10.310506149999998,122092,0,False,0,0.16391162161320666,18.57461,0.036669,0.019547,0.17094710000000024,0.4782184999999999,0.23028798166137268,16.581618,0.072445,0.033803,0.4442690000000003,0.974077149999998,0,0,0,0,0,0,5.5023016183452205,23.628975,5.2739674999999995,0.0,8.343846600000001,9.52058825,122092,4069.429579443826,6.121989996682932,26.507669,5.7746455,0.637524,9.269386500000001,10.756944749999999,122092,4069.429579443826,25,25,25,25,25,25
google-protobuf_roundtrip_1000,google-protobuf,roundtrip,1000,0,13280,1,5281535680,175932010.89556175,5281655200,175935992.1985797,0.007442592846385473,7.783322,0.003046,0.001273,0.004739,0.005691449999999994,0.0010306359939759038,1.546169,0,0,0,0,56.06947229149089,123.411173,55.778599,4.838465,68.1295604,72.54823605,56.06947229149089,123.411173,55.778599,4.838465,68.1295604,72.54823605,13280,0,False,0,12.458679864382615,64.892564,8.212614,0.11175,30.1420709,37.45816984999997,0.6565433612198812,10.294059,0.261991,0.14952,1.6754323000000002,2.642441799999998,0,0,0,0,0,0,42.95424906588847,90.353292,45.031495,1.835493,57.282466400000004,60.7447925,13280,442.36700199534766,56.48062505911103,124.034353,56.153023,4.963811,68.65555570000001,73.04023134999998,13280,442.36700199534766,25,25,25,25,25,25
google-protobuf_serialize-only_10,google-protobuf,serialize-only,10,0,396535,1,1580985045,52698306.48860952,44808455,1493581.2975201595,0.004719895073574914,12.811728,0.002244,0.000921,0.003056,0.003566,3.700075655364596e-05,1.557756,0,0,0,0,1.7727025595016512,28.70661,1.529001,0.13874,3.0983336000000015,3.9018375999999986,1.7727025595016512,28.70661,1.529001,0.13874,3.0983336000000015,3.9018375999999986,396535,0,False,0,0.051823837257744955,22.420864,0.016902,0.006833,0.051326600000000035,0.134141,0.01723969891182253,20.58524,0.006702,0.002484,0.009288,0.026189,0,0,0,0,0,0,1.7036390233321461,28.638202,1.478001,0.115716,3.001051,3.765365299999998,396535,13217.533606373094,1.8773377828993363,31.357895,1.617552,0.18673,3.2491856,4.0917289,396535,13217.533606373094,25,25,25,25,25,25
google-protobuf_serialize-only_100,google-protobuf,serialize-only,100,0,247217,1,9817481504,327235381.1628773,28182738,939384.4040231671,0.004950794771395744,5.496277,0.002275,0.000952,0.003076,0.003587,7.205349146701077e-05,2.44904,0,0,0,0,2.9128627021644635,20.190407,2.778954,0.267851,4.269052599999999,4.943729599999998,2.9128627021644635,20.190407,2.778954,0.267851,4.269052599999999,4.943729599999998,247217,0,False,0,0.0825428935024688,13.858908,0.033253,0.017463,0.098264,0.24091539999999986,0.017368906127005847,10.170303,0.006823,0.002815,0.009298,0.028454999999999824,0,0,0,0,0,0,2.812950902534995,17.125735,2.69725,0.226925,4.1406112,4.7741016,247217,8240.214070378659,3.019698980745615,20.474387,2.872108,0.319528,4.404789999999999,5.117524599999999,247217,8240.214070378659,25,25,25,25,25,25
google-protobuf_serialize-only_1000,google-protobuf,serialize-only,1000,0,33962,1,13506891172,450141006.18329525,3905630,130162.01845352836,0.006267632972145232,2.989322,0.002314,0.001012,0.003246,0.003787,0.0011420465814734112,2.759087,0,0,0,0,21.966576271862646,55.946047,21.021695,2.01681,29.520534500000004,33.21413714999999,21.966576271862646,55.946047,21.021695,2.01681,29.520534500000004,33.21413714999999,33962,0,False,0,5.977727573906184,37.967056,4.7102635,0.096,12.612155600000001,15.576139899999998,0.0161144361345034,5.655007,0.007404,0.003517,0.011391900000000002,0.02767149999999997,0,0,0,0,0,0,15.972734261822044,49.815017,15.72608,1.757251,23.089615900000002,26.920777449999996,33962,1131.8436387263337,22.071909681879866,57.231219,21.127692,2.127427,29.6500219,33.323569649999996,33962,1131.8436387263337,25,25,25,25,25,25
json_deserialize-only_10,json,deserialize-only,10,0,286647,1,32391111,1079544.8074853888,1527255216,50901015.34762967,0.0056455576545369176,8.779032,0.002404,0.001071,0.003307,0.003857,6.646436208995735e-05,2.265378,0,0,0,0,2.463722197326286,25.165081,2.192128,0.19179,4.142945999999999,5.086125300000001,2.463722197326286,25.165081,2.192128,0.19179,4.142945999999999,5.086125300000001,286647,0,False,0,0.0538271101145323,17.792234,0.016952,0.007064,0.043742,0.12978000000000012,0.12807104067372063,14.668402,0.041768,0.018334,0.23472359999999995,0.47036230000000034,0,0,0,0,0,0,2.2818240465380994,24.896788,2.048259,0.0,3.903593,4.770203100000002,286647,9553.493871552113,2.600270250081023,25.23403,2.306134,0.258354,4.3308326,5.3250514,286647,9553.493871552113,25,25,25,25,25,25
json_deserialize-only_100,json,deserialize-only,100,0,108261,1,12341754,411330.7075179966,5737724739,191229089.19075704,0.006691302574334957,8.322048,0.002685,0.001022,0.003778,0.004549,0.00028545696973055856,3.390705,0,0,0,0,6.65928850462305,26.592453,6.390677,0.696435,9.434248,10.781182,6.65928850462305,26.592453,6.390677,0.696435,9.434248,10.781182,108261,0,False,0,0.16187843601112065,17.094646,0.019537,0.005962,0.152485,0.507932,0.2577138956226138,12.551913,0.077926,0.031108,0.54927,1.08897,0,0,0,0,0,0,6.239696172989401,25.435104,6.072247,0.0,8.854709,9.937824,108261,3608.164101035058,6.909915390851773,27.351967,6.598186,0.783989,9.829779,11.302692,108261,3608.164101035058,25,25,25,25,25,25
json_deserialize-only_1000,json,deserialize-only,1000,0,15698,1,1805270,60103.26144762807,8313802082,276793288.6262335,0.016573953752070308,13.960153,0.003326,0.001563,0.004699,0.00553,0.002271635303860364,8.473036,0,0,0,0,47.251407331889446,106.321222,45.9516515,5.331028,65.2054499,70.90033955,47.251407331889446,106.321222,45.9516515,5.331028,65.2054499,70.90033955,15698,0,False,0,0.22907691960759324,22.112677,0.023113,0.009107,0.18324870000000007,0.7825646499999999,1.1720505323608117,26.689639,0.377873,0.177523,3.2079711000000035,4.53232795,0,0,0,0,0,0,45.85027987992115,102.636232,44.5025845,5.042156,63.8007736,69.49449779999999,15698,522.6370560663311,47.76895313625939,106.451555,46.448334,5.472923,65.6943805,71.51488555,15698,522.6370560663311,25,25,25,25,25,25
json_roundtrip_10,json,roundtrip,10,0,246912,1,1314559488,43816135.01538007,1313818752,43791445.23231356,0.006142872229782505,12.089389,0.002465,0.000992,0.003316,0.003848,0.00011181840898781752,1.870125,0,0,0,0,2.8644974698718335,38.041299,2.4953675,0.247614,4.9681980999999995,6.186045599999999,2.8644974698718335,38.041299,2.4953675,0.247614,4.9681980999999995,6.186045599999999,246912,0,False,0,0.07580650636259367,29.252984,0.021009,0.01025,0.055794,0.173946,0.13796038316890144,31.812596,0.04325,0.017102,0.23946689999999987,0.4848586499999997,0,0,0,0,0,0,2.6507305803404115,35.559439,2.3319175000000003,0.0,4.6640403,5.782632799999999,246912,8229.927688839232,3.020411537248059,42.114629,2.6209005000000003,0.29736,5.202091799999999,6.480964849999996,246912,8229.927688839232,25,25,25,25,25,25
json_roundtrip_100,json,roundtrip,100,0,77066,1,4085885188,136157945.51448238,4083881472,136091173.72785562,0.007527054278151352,10.505494,0.002776,0.001162,0.003947,0.00470575,0.00047303517763994487,3.806106,0,0,0,0,9.460064161381165,44.480323,8.974667,0.9557,13.1407865,16.016104499999997,9.460064161381165,44.480323,8.974667,0.9557,13.1407865,16.016104499999997,77066,0,False,0,0.26585930462201046,18.934685,0.051286,0.028143,0.326677,1.22154225,0.27879901108140887,14.291783,0.083517,0.033243,0.6173425,1.181695,0,0,0,0,0,0,8.915405845677755,36.42165,8.5393115,0.0,12.277482500000001,14.818556000000001,77066,2568.145639490029,9.712830195131257,44.598626,9.1900655,1.19556,13.551455,16.419027749999998,77066,2568.145639490029,25,25,25,25,25,25
json_roundtrip_1000,json,roundtrip,1000,0,9521,1,5045016043,168082193.44379365,5042340642,167993058.49068567,0.014277961243566803,8.857156,0.003316,0.001403,0.004839,0.005701,0.0036098759584077297,3.161146,0,0,0,0,78.24567806039303,141.792724,76.096448,11.206367,98.298747,105.146338,78.24567806039303,141.792724,76.096448,11.206367,98.298747,105.146338,9521,0,False,0,41.16737288562131,112.488885,36.841971,0.289733,66.836875,74.066135,1.1149727075937366,12.841321,0.434074,0.183393,2.865128,3.998844,0,0,0,0,0,0,35.96333246717775,89.552458,35.505268,3.758512,57.229324,62.796553,9521,317.20623881836866,78.77458788646149,144.582231,76.669968,11.36233,98.81855,105.678725,9521,317.20623881836866,25,25,25,25,25,25
json_serialize-only_10,json,serialize-only,10,0,374298,1,1992762552,66422598.45736562,38178396,1272559.1740517078,0.0051038152969023745,14.24584,0.002254,0.000981,0.003056,0.003576,7.554442182432179e-05,2.136023,0,0,0,0,1.8836684276618814,50.029867,1.6360745,0.155211,3.2436506999999994,4.045165199999998,1.8836684276618814,50.029867,1.6360745,0.155211,3.2436506999999994,4.045165199999998,374298,0,False,0,0.061593771353306695,25.423133,0.020188,0.009137,0.062347,0.1659839999999993,0.017179868821098565,12.696465,0.006683,0.002656,0.009077,0.025197,0,0,0,0,0,0,1.8048947874874686,45.063589,1.5771055,0.12791,3.1315173,3.8876336499999997,374298,12476.070333840275,1.9895287850750394,52.055342,1.7259905,0.204693,3.3926762999999998,4.23473435,374298,12476.070333840275,25,25,25,25,25,25
json_serialize-only_100,json,serialize-only,100,0,194378,1,10305532804,343487900.2492816,20020934,667306.4567821495,0.00472230404161054,10.34606,0.002344,0.001022,0.003076,0.003527,0.00010959780942287706,5.913857,0,0,0,0,3.7366601142053377,44.661333,3.5209460000000004,0.409908,5.4388116,6.449462799999999,3.7366601142053377,44.661333,3.5209460000000004,0.409908,5.4388116,6.449462799999999,194378,0,False,0,0.22848356214180665,28.762085,0.047299,0.024506,0.37335460000000037,1.2770845,0.016403822191811496,15.682861,0.006993,0.003036,0.008957,0.016901149999999993,0,0,0,0,0,0,3.4917727298717214,30.757682,3.3292675000000003,0.233364,5.112329600000001,6.013320799999998,194378,6478.703463904364,3.8434476205435257,44.712969,3.6122525,0.455243,5.583445900000002,6.633350849999999,194378,6478.703463904364,25,25,25,25,25,25
json_serialize-only_1000,json,serialize-only,1000,0,26030,1,13792854490,459487524.3213984,2707120,90183.498110763,0.005599984056857453,4.75152,0.002515,0.001143,0.003216,0.003687,0.0004820638494045333,3.648989,0,0,0,0,28.715823020476194,61.54115,26.874459,4.374879,37.07865770000004,46.02500155,28.715823020476194,61.54115,26.874459,4.374879,37.07865770000004,46.02500155,26030,0,False,0,23.411833219362247,56.426105,21.928569500000002,0.269646,27.637304000000004,40.03488725,0.015571678870533864,4.488632,0.007744,0.003617,0.009979,0.026541999999999972,0,0,0,0,0,0,5.288418122243608,39.960039,4.958888,0.714426,6.440584200000001,7.310390099999999,26030,867.1490202957981,28.81519114606207,61.61617,26.965473,4.438367,37.33456890000009,46.19487915,26030,867.1490202957981,25,25,25,25,25,25
messagepack-lz4_deserialize-only_10,messagepack-lz4,deserialize-only,10,0,358857,1,40550841,1351495.272141297,975732183,32519607.477452982,0.0051361032388945885,10.352556,0.002304,0.001041,0.003176,0.003707,5.6635983135343625e-05,4.07258,0,0,0,0,1.948822162031132,24.933767,1.702982,0.150374,3.386924200000001,4.2197494,1.948822162031132,24.933767,1.702982,0.150374,3.386924200000001,4.2197494,358857,0,False,0,0.050822570965595004,18.580352,0.016251,0.006542,0.043842,0.130685,0.0217602124941128,13.216192,0.008946,0.003126,0.013465,0.038512,0,0,0,0,0,0,1.8762393785713998,22.785808,1.647666,0.124156,3.2831976000000003,4.0725426,358857,11960.135151692895,2.075612170039867,25.010231,1.811547,0.20785,3.561357600000001,4.4434401999999995,358857,11960.135151692895,25,25,25,25,25,25
messagepack-lz4_deserialize-only_100,messagepack-lz4,deserialize-only,100,0,184891,1,21077574,702441.6362639591,3751993063,125040773.02372387,0.0061523524238612706,9.108173,0.002485,0.001072,0.003437,0.004058,0.00014798978857813523,3.524305,0,0,0,0,3.87173587836082,23.790835,3.617505,0.372188,5.968158,7.026362499999999,3.87173587836082,23.790835,3.617505,0.372188,5.968158,7.026362499999999,184891,0,False,0,0.08186104906134005,15.85863,0.017844,0.007964,0.060353,0.191023,0.15853111724205085,14.140075,0.051827,0.020729,0.276008,0.6125255000000001,0,0,0,0,0,0,3.6313437120573715,23.523729,3.432535,0.0,5.619365,6.5503485,184891,6161.7687391575355,4.040584185996081,24.774285,3.753131,0.433622,6.222735,7.3697,184891,6161.7687391575355,25,25,25,25,25,25
messagepack-lz4_deserialize-only_1000,messagepack-lz4,deserialize-only,1000,0,32431,1,3729565,124216.6291454604,6347492613,211409141.79336476,0.009186492368412933,6.584699,0.002915,0.001232,0.004148,0.0048695000000000006,0.002529543985692701,6.134235,0,0,0,0,22.801313235854728,68.036796,21.486222,2.136814,34.650677,39.690402,22.801313235854728,68.036796,21.486222,2.136814,34.650677,39.690402,32431,0,False,0,0.20756091264530938,17.044993,0.02132,0.007494,0.196888,0.9266825000000001,0.4626642315993958,17.671601,0.153397,0.081583,1.179069,1.9148555,0,0,0,0,0,0,22.131088091609982,59.706581,20.86808,0.833983,33.967182,39.075739,32431,1080.144601264873,23.121041739107618,68.123216,21.807573,2.255456,35.015416,40.0019585,32431,1080.144601264873,25,25,25,25,25,25
messagepack-lz4_roundtrip_10,messagepack-lz4,roundtrip,10,0,327412,1,884994636,29497750.573934197,887941344,29595967.279507786,0.005179694840140477,10.770562,0.002364,0.000841,0.003226,0.0037574500000000116,5.968112347745346e-05,1.812646,0,0,0,0,2.141024201363988,24.046257,1.889157,0.163576,3.664755300000001,4.5412755,2.141024201363988,24.046257,1.889157,0.163576,3.664755300000001,4.5412755,327412,0,False,0,0.05885449229105993,18.584143,0.017403,0.007374,0.05098410000000021,0.15387295000000012,0.023230179929262774,17.899118,0.009057,0.003477,0.013205,0.03957445000000001,0,0,0,0,0,0,2.058939529143721,23.843407,1.8275985000000001,0.136786,3.548233400000001,4.3701568,327412,10912.967285954197,2.2756934089770673,24.267004,2.0019835,0.224581,3.8527568000000003,4.7844486,327412,10912.967285954197,25,25,25,25,25,25
messagepack-lz4_roundtrip_100,messagepack-lz4,roundtrip,100,0,130300,1,2643005200,88090972.77445471,2643265800,88099658.53394736,0.005504679539524741,6.94756,0.002535,0.001042,0.003526,0.004097,0.00013347128933231006,4.630307,0,0,0,0,5.577515089508887,32.57636,5.254065,0.610043,8.164731500000002,9.69394045,5.577515089508887,32.57636,5.254065,0.610043,8.164731500000002,9.69394045,130300,0,False,0,0.11200246576362322,15.18258,0.028383,0.015028,0.09365800000000012,0.26869349999999775,0.15627947016884228,17.585321,0.05376,0.021711,0.2579331,0.5820449999999988,0,0,0,0,0,0,5.3092331535763595,23.462748,5.0389125,0.0,7.7839113,9.138508149999998,130300,4342.879746324921,5.739927521082108,32.793035,5.3925350000000005,0.725239,8.426139700000002,10.018052749999995,130300,4342.879746324921,25,25,25,25,25,25
messagepack-lz4_roundtrip_1000,messagepack-lz4,roundtrip,1000,0,15961,1,3106443052,103479563.89991774,3123823076,104058514.57565351,0.011703463191529343,8.23477,0.002836,0.001232,0.004288,0.00533,0.0019391332623269221,3.537485,0,0,0,0,46.590551601215516,120.501796,44.023652,4.538252,62.715012,68.540219,46.590551601215516,120.501796,44.023652,4.538252,62.715012,68.540219,15961,0,False,0,11.580257879268228,75.615576,5.75951,0.0696,31.633849,39.803834,0.4806901562558734,25.806457,0.144371,0.077285,1.210287,2.160597,0,0,0,0,0,0,34.52960356569134,90.545737,34.262591,1.868621,52.460335,57.624766,15961,531.6811838360354,46.99165663523595,120.666906,44.41615,4.639132,63.141285,68.95036,15961,531.6811838360354,25,25,25,25,25,25
messagepack-lz4_serialize-only_10,messagepack-lz4,serialize-only,10,0,399703,1,1080397209,36009089.85149342,45166439,1505374.4555008346,0.004911074592885143,11.68274,0.002234,0.000922,0.003035,0.003527,6.77801342496804e-05,2.301207,0,0,0,0,1.7570653698496492,48.294454,1.512591,0.135554,3.0672181999999992,3.8843009999999976,1.7570653698496492,48.294454,1.512591,0.135554,3.0672181999999992,3.8843009999999976,399703,0,False,0,0.052995007448032434,44.406149,0.016682,0.006793,0.050064,0.13067419999999974,0.017397960590737623,46.102149,0.006673,0.002445,0.009197,0.024034899999999967,0,0,0,0,0,0,1.686672401810878,34.081874,1.460796,0.116979,2.968515,3.7378526999999986,399703,13321.897836290573,1.862062081448022,48.35113,1.600568,0.176751,3.2177751999999997,4.073484,399703,13321.897836290573,25,25,25,25,25,25
messagepack-lz4_serialize-only_100,messagepack-lz4,serialize-only,100,0,250361,1,5078322524,169270918.82319358,28541154,951335.2763677809,0.005196396583334172,8.029953,0.002215,0.000982,0.002995,0.003477,8.843559100658649e-05,1.739382,0,0,0,0,2.8771090692440255,21.375734,2.73715,0.311073,4.200394,4.936681,2.8771090692440255,21.375734,2.73715,0.311073,4.200394,4.936681,250361,0,False,0,0.07324916312844458,17.316775,0.025738,0.012954,0.067386,0.192681,0.018263309473120784,14.467376,0.006652,0.002375,0.009137,0.029395,0,0,0,0,0,0,2.7855965966423692,21.348333,2.6683,0.276015,4.078007,4.74945,250361,8345.046283927903,2.982145559320382,24.889445,2.826413,0.363852,4.339797,5.118735,250361,8345.046283927903,25,25,25,25,25,25
messagepack-lz4_serialize-only_1000,messagepack-lz4,serialize-only,1000,0,32268,1,6275173021,209104997.17686197,3710820,123654.12125324774,0.005668403619685059,3.824155,0.002244,0.001031,0.003246,0.0038776499999999977,0.0007498666170819389,1.96297,0,0,0,0,23.123090010474723,68.830334,20.910474999999998,2.159068,37.6021868,43.6828419,23.123090010474723,68.830334,20.910474999999998,2.159068,37.6021868,43.6828419,32268,0,False,0,6.592272135180355,46.911531,4.148929,0.062828,14.450602199999997,18.288165749999997,0.01813320608652531,9.072442,0.007104,0.003216,0.011100299999999999,0.02941149999999998,0,0,0,0,0,0,16.512684669207868,61.02732,15.894468499999999,2.033443,24.959458399999985,37.318346999999974,32268,1075.253228289111,23.231705560710434,68.888994,21.0089845,2.246172,37.71941659999999,43.7795031,32268,1075.253228289111,25,25,25,25,25,25
messagepack_deserialize-only_10,messagepack,deserialize-only,10,0,360321,1,40716273,1357170.466514066,1298236563,43273320.27301045,0.005028004390529575,11.739926,0.002334,0.000882,0.003226,0.003747,8.824346069199408e-05,2.329582,0,0,0,0,1.9409837412973736,28.529783,1.705723,0.147036,3.345953,4.14637,1.9409837412973736,28.529783,1.705723,0.147036,3.345953,4.14637,360321,0,False,0,0.05003089059200058,20.424494,0.016431,0.006753,0.04275,0.124243,0.021093287038501468,11.38758,0.008997,0.002936,0.013145,0.037039,0,0,0,0,0,0,1.869859563666888,28.414026,1.651553,0.125375,3.242866,4.006614,360321,12010.358110743948,2.0668406049550097,30.805577,1.812033,0.199594,3.51992,4.355662,360321,12010.358110743948,25,25,25,25,25,25
messagepack_deserialize-only_100,messagepack,deserialize-only,100,0,171934,1,19600476,653301.7711407074,6133057714,204420416.47684366,0.0069349714599795205,12.837895,0.002605,0.000961,0.003697,0.004488,0.0004389186955459653,4.840104,0,0,0,0,4.11150598248163,27.454967,3.8224465,0.375654,6.406911900000001,7.6222632500000005,4.11150598248163,27.454967,3.8224465,0.375654,6.406911900000001,7.6222632500000005,171934,0,False,0,0.1265877409703706,20.312255,0.018635,0.006261,0.11681600000000011,0.3145841500000004,0.20534925745925914,15.222174,0.059927499999999995,0.024465,0.37844720000000004,0.8639112000000001,0,0,0,0,0,0,3.779568984052046,25.92483,3.589299,0.0,5.9141521,6.89674965,171934,5730.71729070796,4.344072030523391,27.518515,4.008397,0.471243,6.8094370000000035,8.103116100000001,171934,5730.71729070796,25,25,25,25,25,25
messagepack_deserialize-only_1000,messagepack,deserialize-only,1000,0,32848,1,3777520,125827.15066148652,11743652720,391174728.42383784,0.0076388997199220805,7.995156,0.003036,0.001282,0.004308,0.005079,0.0007330365623477839,3.236297,0,0,0,0,22.42666968080247,62.292557,21.368377000000002,2.416707,32.635636,37.63992794999999,22.42666968080247,62.292557,21.368377000000002,2.416707,32.635636,37.63992794999999,32848,0,False,0,0.24373085280686843,20.094838,0.0217805,0.008265,0.20667829999999995,1.1221879499999958,0.724960456313936,19.0901,0.243216,0.131175,1.9352459999999998,2.870047499999999,0,0,0,0,0,0,21.45797837168173,55.870724,20.468286,1.54815,31.418442999999996,36.58525294999998,32848,1094.1491361868393,22.820173642900684,64.03596,21.743229499999998,2.601994,33.134986500000004,38.12121134999999,32848,1094.1491361868393,25,25,25,25,25,25
messagepack_roundtrip_10,messagepack,roundtrip,10,0,320830,1,1152100530,38401585.04550931,1153704680,38455054.25331425,0.005804941825889187,9.658719,0.002355,0.000921,0.003206,0.003758,3.274633294891376e-05,1.12259,0,0,0,0,2.1756754397843507,38.626794,1.830986,0.151051,3.9823212000000003,5.065843449999999,2.1756754397843507,38.626794,1.830986,0.151051,3.9823212000000003,5.065843449999999,320830,0,False,0,0.06652428847676384,37.574369,0.017192,0.007344,0.05759810000000004,0.169036,0.024961236134400787,15.323333,0.009107,0.003126,0.013466,0.0406219499999999,0,0,0,0,0,0,2.084189915173151,27.471063,1.7665875,0.125333,3.8427121000000004,4.870759999999999,320830,10693.841560988389,2.3218092446186125,38.692998,1.94738,0.208222,4.2052985000000005,5.344016449999999,320830,10693.841560988389,25,25,25,25,25,25
messagepack_roundtrip_100,messagepack,roundtrip,100,0,143133,1,5104981578,170152164.68389896,5104695312,170142623.26267517,0.007062083705366211,11.573681,0.002665,0.001002,0.003757,0.0044025999999999475,8.382214443908812e-05,1.178066,0,0,0,0,4.971086804468535,25.366297,4.670183,0.485988,7.5859204,8.916864999999996,4.971086804468535,25.366297,4.670183,0.485988,7.5859204,8.916864999999996,143133,0,False,0,0.1730779672542316,14.729531,0.034325,0.017035,0.18748300000000012,0.5457963999999987,0.21417620589242325,15.755574,0.061054,0.025237,0.38496900000000006,0.9071839999999977,0,0,0,0,0,0,4.583832631321818,21.289678,4.387172,0.0,7.0245066000000005,8.0812448,143133,4770.710611896455,5.219084828432276,25.453109,4.864085,0.574604,8.0050326,9.443418399999997,143133,4770.710611896455,25,25,25,25,25,25
messagepack_roundtrip_1000,messagepack,roundtrip,1000,0,20765,1,7424816481,247417815.98109928,7423653620,247379065.86119452,0.010950048398748065,9.325348,0.002935,0.001142,0.004488,0.00545,0.002929728581748134,9.142315,0,0,0,0,35.62221752785954,84.462393,33.439924,3.412264,49.389011800000006,54.278845000000004,35.62221752785954,84.462393,33.439924,3.412264,49.389011800000006,54.278845000000004,20765,0,False,0,10.665173365952356,67.82487,7.013528,0.11205,25.42534780000001,32.1587342,0.6837642711774607,18.025056,0.223969,0.12261,1.8957880000000005,3.004876599999999,0,0,0,0,0,0,24.273279890729565,65.068044,23.144613,1.929304,37.8334794,41.9334396,20765,691.9539307125841,36.09986757009353,84.651196,33.975449,3.579248,49.87855660000001,54.7903436,20765,691.9539307125841,25,25,25,25,25,25
messagepack_serialize-only_10,messagepack,serialize-only,10,0,414140,1,1487176740,49570012.946653284,45141260,1504631.41497778,0.004708356944511566,9.934323,0.002225,0.000982,0.003026,0.003517,5.347378905684069e-05,1.733318,0,0,0,0,1.692650437354508,42.937524,1.4317735,0.131025,3.0256618000000013,3.85486195,1.692650437354508,42.937524,1.4317735,0.131025,3.0256618000000013,3.85486195,414140,0,False,0,0.05129508987781947,25.279637,0.016682,0.006943,0.049964,0.13144849999999966,0.01636760460472224,27.819617,0.006632,0.002305,0.009137,0.022312,0,0,0,0,0,0,1.6249877428720074,40.977964,1.3799885,0.11218,2.928247,3.7209756499999984,414140,13803.957935575963,1.7967225437147103,44.430504,1.519702,0.169578,3.1751180000000003,4.03890715,414140,13803.957935575963,25,25,25,25,25,25
messagepack_serialize-only_100,messagepack,serialize-only,100,0,306412,1,10928490392,364261596.7553414,33705320,1123444.615126102,0.005464587809877036,13.984069,0.002264,0.000952,0.003086,0.003617,5.67699731081028e-05,1.583776,0,0,0,0,2.3206006550102467,22.754277,2.1055729999999997,0.221054,3.7687536,4.578533800000001,2.3206006550102467,22.754277,2.1055729999999997,0.221054,3.7687536,4.578533800000001,306412,0,False,0,0.088535730627392,19.765482,0.031189,0.015569,0.10337390000000002,0.2557564500000007,0.018046007023223502,12.740319,0.006783,0.002676,0.009167,0.025963050000000105,0,0,0,0,0,0,2.2140189173596547,19.137336,2.021727,0.184406,3.619639700000001,4.373910500000002,306412,10213.132864782745,2.4321929323786464,22.804401,2.199348,0.28725,3.922413400000001,4.769125750000001,306412,10213.132864782745,25,25,25,25,25,25
messagepack_serialize-only_1000,messagepack,serialize-only,1000,0,66940,1,23935383684,797751363.3934351,7430340,247648.5835252833,0.005037327965341974,4.649222,0.002285,0.001011,0.003206,0.003697,0.0004431976546160742,3.512682,0,0,0,0,11.07856266062141,33.990277,10.8079695,1.182064,14.2534899,15.927281649999994,11.07856266062141,33.990277,10.8079695,1.182064,14.2534899,15.927281649999994,66940,0,False,0,5.1636653766955245,25.203682,4.7248095,0.102522,8.9554804,10.27036989999999,0.0183678742306542,8.661001,0.007193,0.003276,0.010059,0.020448,0,0,0,0,0,0,5.8965294096951695,25.334068,5.8058345,0.75252,8.787295199999999,9.886925249999997,66940,2231.0683200475974,11.189387560860455,34.042906,10.909321,1.234352,14.4017103,16.108655,66940,2231.0683200475974,25,25,25,25,25,25
newtonsoft-json_deserialize-only_10,newtonsoft-json,deserialize-only,10,0,254046,1,28707198,956875.564091933,1356351594,45210253.422007345,0.0057362603465516354,12.165224,0.002415,0.000952,0.003296,0.003817,7.966985900191304e-05,1.770468,0,0,0,0,2.8003128136203808,41.520596,2.567196,0.247952,4.447749,5.3758515,2.8003128136203808,41.520596,2.567196,0.247952,4.447749,5.3758515,254046,0,False,0,0.05567615791234718,20.120803,0.017242,0.007955,0.0433715,0.128976,0.12541711121214275,17.445742,0.04272,0.018294,0.235576,0.47134375,0,0,0,0,0,0,2.61921954449589,41.392596,2.4230415,0.0,4.2104775,5.0577935,254046,8467.925345946309,2.9370295543287246,43.515898,2.683275,0.314337,4.636494,5.6229612499999995,254046,8467.925345946309,25,25,25,25,25,25
newtonsoft-json_deserialize-only_100,newtonsoft-json,deserialize-only,100,0,64614,1,7365996,245481.46881452613,3425188140,114148882.99875465,0.007106339152505625,13.568765,0.002755,0.001203,0.003837,0.004529,0.0003702596650880614,2.708393,0,0,0,0,11.402213476940185,45.404298,10.3110425,0.977642,17.6394333,21.687961549999997,11.402213476940185,45.404298,10.3110425,0.977642,17.6394333,21.687961549999997,64614,0,False,0,0.10166934597765089,25.531913,0.020999,0.008456,0.07894500000000004,0.25555884999999967,0.20202000275482054,12.058719,0.077215,0.038803,0.3910123000000004,0.7835757,0,0,0,0,0,0,11.098524128207524,45.314541,10.037365000000001,0.0,17.2471579,21.30603825,64614,2153.346217671282,11.592104232550257,45.484989,10.4942855,1.044678,17.8878902,21.907804249999998,64614,2153.346217671282,25,25,25,25,25,25
newtonsoft-json_deserialize-only_1000,newtonsoft-json,deserialize-only,1000,0,8593,1,988195,32904.41591175559,4551024660,151537710.91464344,0.014366989759106179,6.660918,0.003195,0.001302,0.00509,0.0066224,0.0020839979052717328,1.525149,0,0,0,0,86.79452522902383,199.69144,86.79577,8.713442,109.5845226,118.97723899999997,86.79452522902383,199.69144,86.79577,8.713442,109.5845226,118.97723899999997,8593,0,False,0,0.164384901431398,12.364423,0.023794,0.011892,0.14519640000000017,0.4746083999999999,0.9844614025369506,21.626984,0.353883,0.19213,2.5297884,3.681212399999999,0,0,0,0,0,0,85.64567892505598,199.117004,85.750587,8.412328,108.6365694,117.7562072,8593,286.1253557543965,87.31397757930853,199.894451,87.287374,8.842415,110.1434712,119.4753928,8593,286.1253557543965,25,25,25,25,25,25
newtonsoft-json_roundtrip_10,newtonsoft-json,roundtrip,10,0,215109,1,1135775520,37855603.67126447,1146961188,38228424.01045117,0.005471518913667772,7.729501,0.002475,0.001032,0.003356,0.003918,5.922164112147795e-05,1.195369,0,0,0,0,3.3343879221697352,24.624963,3.176351,0.303756,4.955085400000001,5.709351399999999,3.3343879221697352,24.624963,3.176351,0.303756,4.955085400000001,5.709351399999999,215109,0,False,0,0.06811653528211503,13.271425,0.022011,0.009167,0.059031600000000094,0.17502999999999955,0.12416862603145519,10.721895,0.043902,0.018595,0.230061,0.4589147999999997,0,0,0,0,0,0,3.1421027608561123,18.417769,3.019475,0.0,4.7217058000000005,5.402412199999998,215109,7169.621907436453,3.472243534068811,26.773395,3.296033,0.376934,5.131280200000001,5.9496263999999925,215109,7169.621907436453,25,25,25,25,25,25
newtonsoft-json_roundtrip_100,newtonsoft-json,roundtrip,100,0,43630,1,2294676227,76445356.10747106,2312520890,77039837.19443306,0.007186058950263682,6.490532,0.002785,0.001202,0.003917,0.004578,0.0014506034150813662,5.843289,0,0,0,0,16.98550263160665,47.50018,16.472572,1.746961,23.486168199999998,26.44893415,16.98550263160665,47.50018,16.472572,1.746961,23.486168199999998,26.44893415,43630,0,False,0,0.1497978914279176,11.237987,0.056355,0.030648,0.21311399999999991,0.4676170999999964,0.223413451019938,10.590789,0.0808115,0.040867,0.4677849999999999,0.8934919999999993,0,0,0,0,0,0,16.61229128915893,46.922648,16.1103235,0.0,23.044584999999994,25.978262499999975,43630,1453.4995602972106,17.178291455764434,47.691886,16.658862,1.825088,23.712065199999998,26.711810949999997,43630,1453.4995602972106,25,25,25,25,25,25
newtonsoft-json_roundtrip_1000,newtonsoft-json,roundtrip,1000,0,5681,1,2986723259,99392940.71271546,3008731453,100125335.02305017,0.028950098574195084,12.940329,0.003126,0.001333,0.005019,0.006533,0.011587387607815526,9.841549,0,0,0,0,131.66062085266648,368.176268,129.050049,24.650913,159.161888,174.653671,131.66062085266648,368.176268,129.050049,24.650913,159.161888,174.653671,5681,0,False,0,27.725865225312468,205.030587,16.277335,0.284383,75.11228,90.20724,1.1714448530188324,16.032635,0.3895,0.182111,3.068203,4.411054,0,0,0,0,0,0,102.76331077433547,259.529025,108.583603,11.497121,132.840359,141.263659,5681,189.05377138221715,132.17487425136414,368.488323,129.664479,24.824657,159.599347,175.289342,5681,189.05377138221715,25,25,25,25,25,25
newtonsoft-json_serialize-only_10,newtonsoft-json,serialize-only,10,0,332120,1,1753593600,58450320.631000645,37529560,1250925.4225952788,0.005164898259665241,8.737528,0.002314,0.000822,0.003156,0.003717,4.875710887630977e-05,1.814853,0,0,0,0,2.1351662776947737,87.645681,1.9179135,0.196839,3.4959782,4.2777468999999995,2.1351662776947737,87.645681,1.9179135,0.196839,3.4959782,4.2777468999999995,332120,0,False,0,0.059030141292303405,14.578103,0.020939,0.009277,0.0639,0.16999849999999989,0.017522868433096313,16.532422,0.006933,0.002404,0.009648,0.030036,0,0,0,0,0,0,2.058613267969395,87.584877,1.8574815,0.159491,3.393813700000001,4.130147299999999,332120,11070.13648314406,2.2436529364808226,90.00565,2.0097195,0.249567,3.6454302000000007,4.454021099999998,332120,11070.13648314406,25,25,25,25,25,25
newtonsoft-json_serialize-only_100,newtonsoft-json,serialize-only,100,0,95497,1,5022569239,167373713.5899198,10886658,362790.4945330728,0.004740327758986945,7.633701,0.002424,0.001042,0.003466,0.004648,0.0002470657193419689,1.727507,0,0,0,0,7.7345152788568985,25.28306,7.599498,0.770453,10.5140806,11.648674,7.7345152788568985,25.28306,7.599498,0.770453,10.5140806,11.648674,95497,0,False,0,0.11189464720357793,8.909922,0.055875,0.028564,0.15108700000000008,0.3490219999999999,0.01569650282207807,8.32836,0.007354,0.003006,0.01084,0.022195799999999946,0,0,0,0,0,0,7.606924128831283,23.743509,7.477349,0.5908,10.364700800000003,11.454505399999999,95497,3182.372759062042,7.840746072515387,25.369432,7.699275,0.819595,10.633039400000001,11.786920599999998,95497,3182.372759062042,25,25,25,25,25,25
newtonsoft-json_serialize-only_1000,newtonsoft-json,serialize-only,1000,0,13405,1,7047531295,234836855.3944305,1541575,51368.1472562612,0.008152936814621346,3.232848,0.002474,0.001082,0.004228,0.0048698,0.0008966062663185377,2.172421,0,0,0,0,55.80858782476682,134.135677,54.770678,5.871627,70.2801708,75.78313519999999,55.80858782476682,134.135677,54.770678,5.871627,70.2801708,75.78313519999999,13405,0,False,0,13.877561447221233,75.53442,9.732201,0.236063,31.7037976,39.154160999999995,0.021292867661320436,4.117545,0.008155,0.003817,0.016116400000000003,0.03764299999999986,0,0,0,0,0,0,41.90973350988431,110.463852,43.042177,3.670318,58.6912394,63.3481312,13405,446.6795413587931,55.94459317314428,134.191532,54.914459,5.956906,70.418554,75.92905339999999,13405,446.6795413587931,25,25,25,25,25,25
protobuf-net_deserialize-only_10,protobuf-net,deserialize-only,10,0,343106,1,38770978,1292324.7520266303,1285961288,42864010.359254956,0.0052108456191380485,10.054985,0.002334,0.000981,0.003216,0.003727,4.4021206274445805e-05,1.396406,0,0,0,0,2.0404261566746276,33.320318,1.7924820000000001,0.154099,3.504953,4.36440125,2.0404261566746276,33.320318,1.7924820000000001,0.154099,3.504953,4.36440125,343106,0,False,0,0.05378312143477699,25.493139,0.016651,0.006863,0.045325,0.13634275,0.02283107992573634,14.578271,0.009107,0.003857,0.0134005,0.03900375,0,0,0,0,0,0,1.9638119553141073,33.239297,1.734724,0.125714,3.396267,4.19633475,343106,11436.502230324162,2.171068926669889,34.989809,1.903173,0.217778,3.6920405,4.59803125,343106,11436.502230324162,25,25,25,25,25,25
protobuf-net_deserialize-only_100,protobuf-net,deserialize-only,100,0,141331,1,16111734,537000.9428055766,5255958559,175180070.71926832,0.007324773765134096,13.415672,0.002604,0.001052,0.003747,0.004699,0.00042397540525433193,8.370724,0,0,0,0,5.055400179146832,25.177512,4.771763,0.461391,7.650588,8.9591605,5.055400179146832,25.177512,4.771763,0.461391,7.650588,8.9591605,141331,0,False,0,0.132247544148136,14.94053,0.018996,0.005901,0.117991,0.327278,0.23169888930949373,13.919517,0.070412,0.030426,0.473147,0.9759195,0,0,0,0,0,0,4.691453745689228,21.031588,4.499409,0.0,7.102468,8.183114,141331,4710.5345860138295,5.288834264025548,27.337133,4.955554,0.533317,8.043743,9.426577,141331,4710.5345860138295,25,25,25,25,25,25
protobuf-net_deserialize-only_1000,protobuf-net,deserialize-only,1000,0,17508,1,2013420,67095.08715184653,6515602200,217125536.37877986,0.008802110977838602,4.241657,0.003116,0.001242,0.004649,0.005571,0.0020182532556545572,2.544366,0,0,0,0,42.47115157636455,96.578785,40.366512,4.085011,62.564657800000006,67.37739009999999,42.47115157636455,96.578785,40.366512,4.085011,62.564657800000006,67.37739009999999,17508,0,False,0,0.1535332492574827,13.912599,0.0237245,0.011021,0.13224030000000023,0.43847399999999953,0.6035169984578501,11.044111,0.25305449999999996,0.140092,1.5082190000000002,2.3698542999999965,0,0,0,0,0,0,41.714101328650024,94.162411,39.686616,3.57751,61.8534099,66.76052674999998,17508,583.4355404508394,42.82600914473395,96.679614,40.732176499999994,4.218281,62.880359700000014,67.73679299999999,17508,583.4355404508394,25,25,25,25,25,25
protobuf-net_roundtrip_10,protobuf-net,roundtrip,10,0,288501,1,1077551235,35917298.38780922,1079282241,35974996.85911494,0.005639026076166289,17.533491,0.002374,0.000932,0.003216,0.003757,3.99824783969553e-05,1.078691,0,0,0,0,2.434538518064109,63.34918,2.084448,0.18153,4.34892,5.487481,2.434538518064109,63.34918,2.084448,0.18153,4.34892,5.487481,288501,0,False,0,0.06961275195580181,33.592355,0.017613,0.007785,0.061716,0.178876,0.025504514067541798,19.258572,0.009178,0.003327,0.014186,0.04268,0,0,0,0,0,0,2.339421252040705,52.61909,2.017211,0.153748,4.208871,5.28121,288501,9616.41188428627,2.58310773643415,63.415244,2.206387,0.244779,4.563852,5.763011,288501,9616.41188428627,25,25,25,25,25,25
protobuf-net_roundtrip_100,protobuf-net,roundtrip,100,0,101881,1,3787528056,126199978.36624192,3788139342,126220346.34209186,0.006169730234293271,8.19185,0.002665,0.001042,0.003707,0.004268,0.0004255606246503275,3.917513,0,0,0,0,7.139118098664218,32.561128,6.855549,0.649537,10.236689,11.673939,7.139118098664218,32.561128,6.855549,0.649537,10.236689,11.673939,101881,0,False,0,0.1509826258870649,19.659184,0.036498,0.017783,0.164438,0.448861,0.21466431350301063,12.687411,0.072616,0.033272,0.425765,0.85311,0,0,0,0,0,0,6.773471159274173,32.22088,6.54779,0.0,9.737346,11.060866,101881,3394.6626416570343,7.344421158606615,32.647278,7.03941,0.735288,10.53392,12.040251,101881,3394.6626416570343,25,25,25,25,25,25
protobuf-net_roundtrip_1000,protobuf-net,roundtrip,1000,0,11895,1,4426569615,147468097.5714036,4426640985,147470475.21346936,0.009888016561580408,8.413564,0.003006,0.001273,0.004569,0.005523299999999992,0.0020404131147540986,8.047917,0,0,0,0,62.62660734207624,217.359075,61.761243,5.180938,75.9411844,81.59208769999992,62.62660734207624,217.359075,61.761243,5.180938,75.9411844,81.59208769999992,11895,0,False,0,13.035380176208475,203.410989,7.873707,0.099977,33.62154,41.70296379999998,0.6548099435056737,16.271509,0.247974,0.142096,1.6867986000000001,2.6559576,0,0,0,0,0,0,48.93641722236211,122.441435,51.22293,4.464525,65.4953482,69.14262419999999,11895,396.27367762787253,63.04612640638926,217.582534,62.112709,5.295413,76.419551,82.29110049999998,11895,396.27367762787253,25,25,25,25,25,25
protobuf-net_serialize-only_10,protobuf-net,serialize-only,10,0,358730,1,1339856550,44660382.87928413,39460300,1315299.0941690104,0.0053879503024558345,24.597246,0.002264,0.000882,0.003076,0.003587,3.748186658489672e-05,3.827543,0,0,0,0,1.9637809131937758,111.637436,1.664911,0.142437,3.4409000000000005,4.3448378,1.9637809131937758,111.637436,1.664911,0.142437,3.4409000000000005,4.3448378,358730,0,False,0,0.05868943436289361,25.104256,0.017022,0.006041,0.050835,0.1438,0.01793958478800147,23.24433,0.006753,0.002424,0.009378,0.025983949999999895,0,0,0,0,0,0,1.8871518940428276,111.40506,1.611942,0.1227,3.327259,4.184460499999999,358730,11957.264492445549,2.075606569924499,112.851383,1.7588050000000002,0.174798,3.597701100000002,4.551396099999998,358730,11957.264492445549,25,25,25,25,25,25
protobuf-net_serialize-only_100,protobuf-net,serialize-only,100,0,218280,1,8114777280,270461617.91742826,24229080,807543.5654409978,0.004619193801540208,8.527199,0.002304,0.000932,0.003126,0.003637,4.6152959501557635e-05,1.374084,0,0,0,0,3.32499809573031,19.066241,3.2332315,0.334865,4.7071122,5.331363549999999,3.32499809573031,19.066241,3.2332315,0.334865,4.7071122,5.331363549999999,218280,0,False,0,0.07624677081729925,15.232619,0.033583,0.017242,0.0853691,0.20921009999999998,0.015857407907275353,10.833807,0.006893,0.002134,0.009357,0.024927449999999896,0,0,0,0,0,0,3.2328939170056223,13.710534,3.1575735,0.266299,4.5879928,5.184634,218280,7275.167256225206,3.4228703695391682,19.177239,3.32235,0.397034,4.826394000000001,5.4810557,218280,7275.167256225206,25,25,25,25,25,25
protobuf-net_serialize-only_1000,protobuf-net,serialize-only,1000,0,28828,1,10727965436,357412024.1578165,3228736,107568.3060423324,0.004900096260579923,2.741939,0.002434,0.001072,0.003356,0.003917,0.0008387176356320244,1.811712,0,0,0,0,25.91517630924783,84.06901,23.197679,2.255096,40.059735499999995,44.6552531,25.91517630924783,84.06901,23.197679,2.255096,40.059735499999995,44.6552531,28828,0,False,0,6.661160015575096,47.705285,5.1360395,0.092503,13.524184399999998,19.192571099999995,0.01690976730956008,12.342005,0.007664,0.003587,0.011331,0.02335049999999998,0,0,0,0,0,0,19.237106526363263,64.850362,17.464862500000002,1.624274,32.15472559999999,37.3406757,28828,960.4313039493965,26.013069375468266,84.13302,23.282997,2.345876,40.1870598,44.771389749999976,28828,960.4313039493965,25,25,25,25,25,25
